Year,Temperature,Rainfall,CO2_Emission,Humidity
2026,0.21621883169450484,-0.32725244584821667,1.7496099536044654,0.08953761894713352
2030,0.31548239837507025,-0.4622031978490213,2.2473123987866246,0.12399539787031699
2040,0.6274010763271689,-0.8715446142950896,3.517104575521972,0.22587255761266078
2050,1.0304051274949415,-1.3836925113757843,4.82337684337134,0.35022502083307927
