Year,Temperature,Rainfall,CO2_Emission,Humidity
2026,0.30888404527786406,-0.32725244584821667,2.058364651299371,0.08953761894713352
2030,0.45068914053581466,-0.4622031978490213,2.64389693974897,0.12399539787031699
2040,0.8962872518959557,-0.8715446142950896,4.137770088849379,0.22587255761266078
2050,1.4720073249927736,-1.3836925113757843,5.674560992201577,0.35022502083307927
