Year,Temperature,Rainfall,CO2_Emission,Humidity
2026,0.4015492588612233,-0.32725244584821667,2.3671193489942763,0.08953761894713352
2030,0.5858958826965591,-0.4622031978490213,3.0404814807113154,0.12399539787031699
2040,1.1651734274647425,-0.8715446142950896,4.758435602176785,0.22587255761266078
2050,1.9136095224906058,-1.3836925113757843,6.5257451410318135,0.35022502083307927
